Workbook

Sheet 2016
A1: 2016
A2: Sr | B2: Subject | C2: Ramesh | D2: Suresh | E2: Mahesh
A3: 1 | B3: Hindi | C3: 80 | D3: 70 | E3: 60
A4: 2 | B4: Maths | C4: 45 | D4: 48 | E4: 80
A5: 3 | B5: English | C5: 85 | D5: 55 | E5: 85
A6: 4 | B6: History | C6: 95 | D6: 67 | E6: 77
B7: Total | C7: =SUM(C3:C6) -> 305 | D7: =SUM(D3:D6) -> 240 | E7: =SUM(E3:E6) -> 302

Sheet 2017
A1: 2017
A2: Sr | B2: Subject | C2: Ramesh | D2: Suresh | E2: Mahesh
A3: 1 | B3: Hindi | C3: 80 | D3: 70 | E3: 60
A4: 2 | B4: Maths | C4: 45 | D4: 48 | E4: 80
A5: 3 | B5: English | C5: 85 | D5: 55 | E5: 85
A6: 4 | B6: History | C6: 95 | D6: 67 | E6: 77
B7: Total | C7: =SUM(C3:C6) -> 305 | D7: =SUM(D3:D6) -> 240 | E7: =SUM(E3:E6) -> 302

Sheet 2018
A1: 2018
A2: Sr | B2: Subject | C2: Ramesh | D2: Suresh | E2: Mahesh
A3: 1 | B3: Hindi | C3: 25 | D3: 70 | E3: 60
A4: 2 | B4: Maths | C4: 45 | D4: 48 | E4: 80
A5: 3 | B5: English | C5: 85 | D5: 55 | E5: 85
A6: 4 | B6: History | C6: 95 | D6: 67 | E6: 77
B7: Total | C7: =SUM(C3:C6) -> 250 | D7: =SUM(D3:D6) -> 240 | E7: =SUM(E3:E6) -> 302

Sheet Total
A1: 2016+2017+2018
A2: Sr | B2: Subject | C2: Ramesh | D2: Suresh | E2: Mahesh
A3: 1 | B3: Hindi | C3: 154 | D3: ='2016'!D3+'2017'!D3+'2018'!D3 -> 210 | E3: ='2016'!E3+'2017'!E3+'2018'!E3 -> 180
A4: 2 | B4: Maths | C4: ='2016'!C4+'2017'!C4+'2018'!C4 -> 135 | D4: ='2016'!D4+'2017'!D4+'2018'!D4 -> 144 | E4: ='2016'!E4+'2017'!E4+'2018'!E4 -> 240
A5: 3 | B5: English | C5: ='2016'!C5+'2017'!C5+'2018'!C5 -> 255 | D5: ='2016'!D5+'2017'!D5+'2018'!D5 -> 165 | E5: ='2016'!E5+'2017'!E5+'2018'!E5 -> 255
A6: 4 | B6: History | C6: ='2016'!C6+'2017'!C6+'2018'!C6 -> 285 | D6: ='2016'!D6+'2017'!D6+'2018'!D6 -> 201 | E6: ='2016'!E6+'2017'!E6+'2018'!E6 -> 231
B7: Total | C7: =SUM(C3:C6) -> 829 | D7: =SUM(D3:D6) -> 720 | E7: =SUM(E3:E6) -> 906
